{"cameraMode":{"drawMode":0,"name":"Shaded","section":"Shading Mode"},"sceneLighting":false,"audioPlay":false,"sceneViewState":{"showFog":false,"showMaterialUpdate":false,"showSkybox":false,"showFlares":false,"showImageEffects":false,"showParticleSystems":false},"in2DMode":false,"pivot":{"x":0.009961187839508057,"y":0.4152369499206543,"z":-0.031233489513397218},"rotation":{"x":0.3085165321826935,"y":0.26353150606155398,"z":-0.08938347548246384,"w":0.9096043705940247},"size":1.2985098361968995,"orthographic":false}