{"cameraMode":{"drawMode":0,"name":"Shaded","section":"Shading Mode"},"sceneLighting":false,"audioPlay":false,"sceneViewState":{"showFog":false,"showMaterialUpdate":false,"showSkybox":false,"showFlares":false,"showImageEffects":false,"showParticleSystems":false},"in2DMode":false,"pivot":{"x":-1.8283188343048096,"y":9.606548309326172,"z":5.371704578399658},"rotation":{"x":0.1327216625213623,"y":0.5811455249786377,"z":-0.09676790237426758,"w":0.7970563173294067},"size":5.8335795402526859,"orthographic":false}