{"cameraMode":{"drawMode":0,"name":"Shaded","section":"Shading Mode"},"sceneLighting":true,"audioPlay":false,"sceneViewState":{"showFog":false,"showMaterialUpdate":false,"showSkybox":false,"showFlares":false,"showImageEffects":false,"showParticleSystems":false},"in2DMode":false,"pivot":{"x":8.902118682861329,"y":6.374464511871338,"z":16.895172119140626},"rotation":{"x":0.3710207939147949,"y":0.08756155520677567,"z":-0.03516590967774391,"w":0.9238215088844299},"size":5.540703296661377,"orthographic":false}