{"cameraMode":{"drawMode":0,"name":"Shaded","section":"Shading Mode"},"sceneLighting":true,"audioPlay":false,"sceneViewState":{"m_AlwaysRefresh":false,"showFog":true,"showSkybox":true,"showFlares":true,"showImageEffects":true,"showParticleSystems":true,"showVisualEffectGraphs":true,"m_FxEnabled":true},"in2DMode":false,"pivot":{"x":4.731056213378906,"y":2.9877896308898927,"z":17.519359588623048},"rotation":{"x":-0.1227211132645607,"y":0.16649465262889863,"z":-0.020888397470116617,"w":-0.9781541228294373},"size":5.833802223205566,"orthographic":false}