{"cameraMode":{"drawMode":0,"name":"Shaded","section":"Shading Mode"},"sceneLighting":true,"audioPlay":false,"sceneViewState":{"showFog":true,"showMaterialUpdate":true,"showSkybox":true,"showFlares":true,"showImageEffects":true,"showParticleSystems":true},"in2DMode":false,"pivot":{"x":0.1634245216846466,"y":2.95723557472229,"z":-5.0284104347229},"rotation":{"x":-0.12763620913028718,"y":0.6954920291900635,"z":-0.12763644754886628,"w":-0.6954917907714844},"size":6.004094123840332,"orthographic":false}