{"cameraMode":{"drawMode":0,"name":"Shaded","section":"Shading Mode"},"sceneLighting":true,"audioPlay":false,"sceneViewState":{"showFog":true,"showMaterialUpdate":true,"showSkybox":false,"showFlares":true,"showImageEffects":true,"showParticleSystems":true},"in2DMode":false,"pivot":{"x":2.5936198234558107,"y":-28.116411209106447,"z":30.73824691772461},"rotation":{"x":-0.3513398766517639,"y":-0.07795742154121399,"z":0.029370492324233056,"w":-0.9325389266014099},"size":31.878002166748048,"orthographic":false}